<configuration>
	<property resource="application.properties" />
	<!-- <property resource="application-${spring.profiles.active}.properties" /> -->
	<property name="trace" value="[${spring.application.name:-}]"/>
	<property name="LOG_FILE" value="./logs/${spring.application.name}" />
	<appender name="STDOUT" class="ch.qos.logback.core.ConsoleAppender">
		<encoder>
			<pattern>%d{yyyy-MM-dd HH:mm:ss.SSS} %-5level ${trace} %logger{36}:%line - %msg%n</pattern>
		</encoder>
	</appender>
	<appender name="FILE" class="ch.qos.logback.core.rolling.RollingFileAppender">
		<File>${LOG_FILE}.log</File>
		<encoder>
			<pattern>%d{yyyy-MM-dd HH:mm:ss.SSS} %-5level ${trace} %logger{36}:%line - %m%n</pattern>
		</encoder>
		<rollingPolicy class="ch.qos.logback.core.rolling.TimeBasedRollingPolicy">
			<fileNamePattern>${LOG_FILE}.%d{yyyy-MM-dd.HH}.log</fileNamePattern>
			<maxHistory>30</maxHistory>
		</rollingPolicy>
	</appender>


	<!-- This is the kafkaAppender 
	<appender name="kafkaAppender" class="com.github.danielwegener.logback.kafka.KafkaAppender">
		<encoder class="com.github.danielwegener.logback.kafka.encoding.LayoutKafkaMessageEncoder">
			<layout class="ch.qos.logback.classic.PatternLayout">
				<pattern>%d{yyyy-MM-dd HH:mm:ss.SSS} %-5level ${trace} %logger{36}:%line - %m%n</pattern>
			</layout>
		</encoder>
		<topic>logs</topic>
		<keyingStrategy class="com.github.danielwegener.logback.kafka.keying.RoundRobinKeyingStrategy" />
		<deliveryStrategy class="com.github.danielwegener.logback.kafka.delivery.AsynchronousDeliveryStrategy" />
		<producerConfig>bootstrap.servers=${spring.kafka.bootstrap-servers}</producerConfig>
		<appender-ref ref="STDOUT" />
	</appender>-->


	<root level="INFO">
		<appender-ref ref="STDOUT" />
		<!-- <appender-ref ref="kafkaAppender" /> -->
		<appender-ref ref="FILE" />
	</root>
	<logger name="org.apache.kafka" level="ERROR" />
	<logger name="org.apache.curator" level="ERROR" />
	<logger name="org.springframework" level="ERROR" />
	<logger name="org.apache.commons" level="ERROR" />
	<logger name="work.metanet" level="DEBUG" />

	<!--myibatis log configure -->
	<logger name="com.apache.ibatis" level="TRACE" />
	<logger name="java.sql.Connection" level="DEBUG" />
	<logger name="java.sql.Statement" level="DEBUG" />
	<logger name="java.sql.PreparedStatement" level="DEBUG" />
</configuration>